さいたま支店,埼玉県さいたま市北区本郷町884,35.9465517,139.6224824
浦和支店,埼玉県さいたま市桜区町谷1-5-8,35.8567835,139.6230875
越谷支店,埼玉県越谷市新越谷1-27-1,35.8756913,139.7807242
岩槻支店,埼玉県さいたま市岩槻区加倉4-24-8,35.9411353,139.6903665
川口支店,埼玉県川口市安行領根岸1789,35.8469019,139.7177194
練馬支店,埼玉県和光市白子3-17-30,35.7923599,139.6370001
板橋支店,埼玉県和光市白子3-17-30,35.7923599,139.6370001
所沢支店,埼玉県所沢市上新井2-59-33,35.7951956,139.4447462
熊谷支店(1),埼玉県熊谷市肥塚506,36.1627539,139.3982374
熊谷支店(2),埼玉県熊谷市銀座3-114,36.1400068,139.3961645
朝霞支店,埼玉県朝霞市根岸台1-7-18,35.8027383,139.6039843
川越支店,埼玉県川越市宮元町82-1,35.9362434,139.4849194
足立支店,東京都足立区伊興本町1-16-29,35.7991675,139.7891661
京北支店,東京都北区浮間5-6-5,35.7866583,139.6956266
葛飾支店,東京都葛飾区奥戸6-7-1,35.7330083,139.8676254
江東支店,東京都江東区亀戸7-2-1,35.6944371,139.833257
東京中央支店,東京都江東区亀戸7-2-1,35.6944371,139.833257
葛西支店,東京都江戸川区臨海町6-3-4,35.6444906,139.8613069
港支店,東京都品川区東品川1-3-10,35.6216383,139.7461031
東京南支店,東京都大田区久が原5-2-20,35.5790434,139.6988693
大田支店,東京都大田区久が原5-2-20,35.5790434,139.6988693
東京北支店,東京都練馬区高松3-5-7,35.7466285,139.625923
杉並支店,東京都練馬区高松3-5-7,35.7466285,139.625923
新宿支店,東京都練馬区高松3-5-7,35.7466285,139.625923
世田谷支店,東京都世田谷区北烏山3-2-1,35.6729137,139.6022706
世田谷東支店,東京都世田谷区北烏山3-2-1,35.6729137,139.6022706
目黒支店,東京都世田谷区玉堤2-2-21,35.5980957,139.6484556
西東京支店,東京都小平市花小金井南町 1-18-5,35.7249761,139.5110076
多摩支店,東京都稲城市百村2114-12,35.636277,139.489678
東大和支店,東京都東大和市芋窪5-1137-9,35.7476001,139.4148234
八王子支店,東京都八王子市松木29-12,35.6208886,139.3898754
国立支店,東京都国立市谷保6-17-12,35.6754155,139.4443882
墨田支店,東京都墨田区東墨田2-8-7,35.7202774,139.8304433
調布支店,東京都国立市谷保6-17-12,35.6754155,139.4443882
武蔵村山支店,東京都武蔵村山市榎3-54-4,35.7512403,139.3869949
柏支店,千葉県柏市小青田1丁目6番地10,35.908705,139.9551351
松戸支店,千葉県松戸市松戸新田120-3,35.782391,139.9181628
千葉北支店,千葉県佐倉市表町2-9-3,35.7115788,140.221546
千葉支店,千葉県習志野市芝園2-1-18,35.6625317,140.0157267
千葉南支店,千葉県千葉市中央区村田町750,35.5500273,140.129765
木更津支店,千葉県木更津市請西東5-6-13,35.3664476,139.9528498
千葉中央支店,千葉県千葉市花見川区さつきが丘1-1,35.6649815,140.0970976
八千代支店,千葉県八千代市緑が丘西3-2-17,35.7345895,140.0694972
東京支店,神奈川県川崎市川崎区大師河原1-3-21,35.5392815,139.740751
渋谷支店,神奈川県川崎市川崎区大師河原1-3-21,35.5392815,139.740751
町田支店,神奈川県相模原市中央区共和3-7-12,35.5608668,139.4003483
川崎支店,神奈川県川崎市川崎区大師河原1-3-21,35.5392815,139.740751
横浜都筑支店,神奈川県横浜市都筑区大熊町814,35.5291138,139.5978188
横浜青葉支店,神奈川県横浜市青葉区市ヶ尾町27-1,35.5498737,139.5379542
横浜支店,神奈川県横浜市青葉区市ヶ尾町27-1,35.5498737,139.5379542
新横浜支店,神奈川県横浜市港北区新横浜1-10-3,35.50535989999999,139.6132779
横浜南支店,神奈川県横浜市金沢区能見台東15-1,35.3545884,139.6273818
相模原支店,神奈川県相模原市中央区共和3-7-12,35.5608668,139.4003483
大和支店,神奈川県大和市柳橋1-8-7,35.4608518,139.4650941
厚木支店,神奈川県厚木市酒井2481-1,35.41676,139.364682
湘南支店,神奈川県藤沢市土棚451-1,35.4015327,139.4557932
横須賀支店,神奈川県横須賀市大矢部3-13-5,35.24034830000001,139.6741108
川崎幸支店,神奈川県川崎市幸区南加瀬3-8-14,35.5448212,139.6613518
小田原支店,神奈川県小田原市前川196-5,35.27977430000001,139.1919517
川崎宮前支店,神奈川県川崎市宮前区水沢2-10-3,35.59309510000001,139.5423273
