北日本本部,宮城県名取市上余田字千刈田900-4,38.1822086,140.8914367
東日本本部,東京都港区芝浦2-13-11 サカイ第2ビル5Ｆ,35.6432995,139.7515123
中日本本部,愛知県名古屋市名東区若葉台811,35.1805017,136.9963391
西日本本部,大阪府堺市堺区石津北町56,34.5576966,135.4644661
九州本部,福岡県福岡市博多区板付2-14-20,33.5661338,130.454727
北海道法人課,北海道札幌市白石区本通20-南1-34,43.0315213,141.440464
東北法人課,宮城県仙台市宮城野区日の出町2-1-43,38.2684253,140.9304451
千葉法人課,千葉県八千代市上高野1540-20,35.7260228,140.1326253
関東法人部,東京都港区芝浦2-13-11 サカイ第2ビル6Ｆ,35.6432995,139.7515123
東関東A法人課,東京都江戸川区船堀5-6-2,35.68412989999999,139.8696981
東関東B法人課,埼玉県川口市本町1-18-23,35.7949265,139.7271776
東関東C法人課,埼玉県入間郡三芳町竹間沢東14-12,35.8242522,139.5527836
北関東法人課,群馬県高崎市菊地町字薬師前436-1,36.361505,138.963126
西関東A法人課,神奈川県横浜市鶴見区生麦1-14-9,35.4927679,139.6660239
西関東B法人課,東京都三鷹市下連雀9-1-13,35.6904211,139.5661944
西関東C法人課,東京都国立市青柳1-30-18,35.6836773,139.423295
神奈川法人課,神奈川県海老名市泉1-4-9,35.458236,139.3918201
東海法人課,静岡県沼津市新沢田町9-21,35.1165663,138.8497822
中部法人課,愛知県名古屋市名東区若葉台811,35.1805017,136.9963391
北陸法人課,富山県富山市上冨居1-32-6,36.70505530000001,137.2410471
京滋法人課,京都府京都市伏見区竹田中川原町383,34.9579549,135.7599512
大阪法人課,大阪府八尾市太田4-14-1,34.5906116,135.5872255
大阪支社法人課,大阪府堺市堺区石津北町56,34.5576966,135.4644661
関西法人部,大阪府堺市堺区石津北町56,34.5576966,135.4644661
兵庫法人課,兵庫県神戸市兵庫区芦原通1-2-23,34.6631068,135.1696234
中国法人課,広島県広島市西区福島町2-36-1,34.3900085,132.43013
四国法人課,香川県高松市茜町2-18,34.3485946,134.0265169
九州A法人課,福岡県北九州市小倉北区神幸町5-20,33.8807699,130.9021109
九州B法人課,福岡県福岡市博多区板付2-14-20,33.5661338,130.454727
九州C法人課,鹿児島県鹿児島市城南町8-3,31.5842006,130.5628429
沖縄法人課,沖縄県那覇市安謝617-190,26.239404,127.6944778
旭川支社,北海道旭川市豊岡6条4丁目11番16号,43.7631124,142.4016861
札幌支社,北海道札幌市西区西野2条9丁目5-23,43.08259530000001,141.2709537
札幌西支社,北海道札幌市西区西野2条9丁目5-23,43.08259530000001,141.2709537
札幌北支社,北海道札幌市白石区本通20丁目南1-30,43.0315742,141.4400097
札幌東支社,北海道札幌市白石区本通20丁目南1-34,43.0315213,141.440464
札幌南支社,北海道札幌市白石区本通20丁目南1-34,43.0315213,141.440464
函館支社,北海道函館市万代町20-24,41.7882795,140.7287085
帯広支社,北海道帯広市西十九条北1丁目8-2,42.9332045,143.1523957
苫小牧支社,北海道苫小牧市北栄町5-2-5,42.6797189,141.67991
青森支社,青森県青森市問屋町1-7-7,40.7896313,140.7578907
八戸支社,青森県八戸市尻内町字八百刈50-2,40.5077638,141.4360341
岩手支社,岩手県盛岡市門2-9-1,39.6669418,141.1712263
秋田支社,秋田県秋田市土崎港相染町字中谷地177-2,39.76532479999999,140.0662531
仙台中央支社,宮城県仙台市宮城野区日の出町3-8-4,38.2625847,140.9352109
仙台北支社,宮城県仙台市宮城野区日の出町2-1-43,38.2684253,140.9304451
仙台泉支社,宮城県仙台市泉区市名坂御釜田148-6,38.3189333,140.8987673
東北支社,宮城県名取市上余田字千刈田900-4,38.1822086,140.8914367
郡山支社,福島県郡山市桑野4-45,37.4074059,140.3507427
福島支社,福島県福島市飯坂町平野字三角田2-15,37.8026374,140.4508327
山形支社,山形県山形市松原字江向653-2,38.202768,140.301474
いわき支社,福島県いわき市平上荒川字堀ノ内20-3,37.0359857,140.8903349
千葉支社,千葉県千葉市中央区都町8-5-85,35.6164049,140.152698
千葉南支社,千葉県千葉市中央区矢作町116-1,35.6073052,140.1472908
千葉東支社,千葉県八千代市上高野1540-20,35.7260228,140.1326253
千葉中央支社,千葉県千葉市中央区都町8-5-85,35.6164049,140.152698
船橋支社,千葉県船橋市栄町2-4-29,35.6882042,139.9751793
市川支社,千葉県船橋市栄町2-4-29,35.6882042,139.9751793
柏支社,千葉県柏市豊四季816-13,35.8485273,139.9602172
松戸支社,千葉県柏市豊四季816-13,35.8485273,139.9602172
木更津支社,千葉県木更津市清見台東2-2-22,35.3826906,139.9540535
京葉支社,千葉県松戸市西馬橋倉元町125,35.8136635,139.9146639
東京東支社,東京都江戸川区船堀5-6-2,35.68412989999999,139.8696981
江戸川支社,東京都江戸川区松本1-19-13,35.71537560000001,139.8780431
東京城東支社,東京都江戸川区船堀5-6-2,35.68412989999999,139.8696981
葛飾支社,東京都葛飾区立石2-26-13,35.7396514,139.8412653
墨田支社,東京都葛飾区四つ木5-4-16,35.7400692,139.8390169
新小岩支社,東京都江戸川区松本1-19-13,35.71537560000001,139.8780431
練馬支社,東京都練馬区谷原3-2-15,35.7529025,139.6194188
東京中央支社,東京都練馬区谷原3-2-15,35.7529025,139.6194188
東京北支社,埼玉県川口市本町1-18-23,35.7949265,139.7271776
板橋支社,埼玉県川口市本町1-18-23,35.7949265,139.7271776
東京城西支社,東京都足立区扇2-26-39,35.7652544,139.7704689
川口支社,埼玉県越谷市谷中町2-7,35.8810061,139.7747455
越谷支社,埼玉県越谷市谷中町2-7,35.8810061,139.7747455
三郷支社,埼玉県三郷市谷口527-1,35.8258028,139.8724414
足立支社,埼玉県三郷市谷口527-1,35.8258028,139.8724414
西新井支社,東京都足立区扇2-26-39,35.7652544,139.7704689
大宮支社,埼玉県さいたま市中央区新中里4-13-1,35.8793521,139.6307271
大宮北支社,埼玉県さいたま市北区宮原町2-3-7,35.9380745,139.615189
川越支社,埼玉県川越市山田1599-1,35.9434455,139.4793074
三芳支社,埼玉県入間郡三芳町竹間沢東14-12,35.8242522,139.5527836
入間支社,埼玉県入間市新久109-2,35.8151114,139.3725647
熊谷支社,埼玉県鴻巣市赤見台2-17-8,36.0894731,139.4786617
水戸支社,茨城県水戸市吉沢町354-35,36.32382,140.4585597
土浦支社,茨城県土浦市神立中央5-36-5,36.1209526,140.2226832
つくば支社,茨城県つくば市台町1-1-1,36.03768670000001,140.0782071
宇都宮支社,栃木県宇都宮市元今泉7-30-11,36.5666586,139.9158446
小山支社,栃木県小山市粟宮1875-4,36.2918702,139.7857973
高崎支社,群馬県高崎市菊地町字薬師前436-1,36.361505,138.963126
太田支社,群馬県太田市西矢島町584-1,36.2747838,139.3760302
東京南支社,東京都大田区南六郷3-17-5,35.5443906,139.7162975
品川支社,東京都大田区南六郷3-17-5,35.5443906,139.7162975
横浜北支社,神奈川県横浜市鶴見区生麦1-14-9,35.4927679,139.6660239
横浜支社,神奈川県横浜市鶴見区生麦1-14-9,35.4927679,139.6660239
川崎支社,神奈川県川崎市宮前区南平台9-9,35.5923108,139.5682
新横浜支社,神奈川県横浜市港北区新羽町1155,35.5279428,139.606963
横浜西支社,神奈川県横浜市保土ケ谷区権太坂3-8-7,35.4359343,139.5761091
横浜南支社,神奈川県横浜市保土ケ谷区権太坂3-8-7,35.4359343,139.5761091
横須賀支社,神奈川県横須賀市佐野町5-10,35.2602258,139.6690585
東京西支社,東京都調布市上石原1-17-32,35.6550033,139.5267268
国立支社,東京都国立市青柳1-30-18,35.6836773,139.423295
八王子支社,東京都八王子市石川町2969-21,35.67346190000001,139.3677248
武蔵野支社,東京都国立市青柳1-30-18,35.6836773,139.423295
東大和支社,東京都東大和市立野4-498-1,35.7403336,139.4173357
小平支社,東京都小平市花小金井5-58-10,35.734456,139.5125318
世田谷支社,東京都世田谷区等々力2-37-4,35.6056837,139.6459526
目黒支社,東京都世田谷区等々力2-37-4,35.6056837,139.6459526
杉並支社,東京都三鷹市下連雀9-1-13,35.6904211,139.5661944
三鷹支社,東京都三鷹市下連雀9-1-13,35.6904211,139.5661944
町田支社,東京都町田市鶴間8-7-16,35.5121927,139.4757409
相模原支社,神奈川県相模原市中央区下九沢13-1,35.5800612,139.3467302
湘南支社,神奈川県藤沢市石川1-30-1,35.3821532,139.4538693
神奈川西支社,神奈川県厚木市酒井3111,35.4181286,139.3617502
神奈川南支社,神奈川県海老名市泉1-4-9,35.458236,139.3918201
小田原支社,神奈川県小田原市扇町1-13-47,35.2629589,139.1598595
鎌倉支社,神奈川県藤沢市石川1-30-1,35.3821532,139.4538693
宮前支社,神奈川県川崎市宮前区南平台9-9,35.5923108,139.5682
沼津支社,静岡県沼津市新沢田町9-21,35.1165663,138.8497822
静岡支社,静岡県静岡市駿河区中島462-2,34.9429298,138.3943546
浜松支社,静岡県浜松市中区高丘北2-12-26,34.7626747,137.7008401
掛川支社,静岡県掛川市下垂木2316-1,34.77940100000001,137.9833432
岡崎支社,愛知県岡崎市宇頭町字久屋名37-1,34.9690614,137.1296647
豊橋支社,愛知県豊橋市下地町橋口46-2,34.7841383,137.3791656
山梨支社,山梨県甲府市上今井町1031-1,35.6223931,138.5717459
長野支社,長野県長野市篠ノ井布施五明52-1,36.5813918,138.1364253
松本支社,長野県松本市笹部2丁目3-20,36.2158952,137.9483582
飯田支社,長野県飯田市鼎一色386-3,35.4999275,137.8136514
富士支社,静岡県富士市松本51-2,35.1685184,138.6493652
浜松東支社,静岡県浜松市東区宮竹町196-1,34.7200305,137.7646517
名古屋北支社,愛知県名古屋市名東区若葉台811,35.1805017,136.9963391
名古屋東支社,愛知県日進市赤池町箕ノ手30-1,35.1181985,137.0262666
名古屋南支社,愛知県名古屋市南区荒浜町5-18,35.09752960000001,136.9246206
刈谷支社,愛知県刈谷市一ツ木町6-12-1,35.0182728,137.022677
名古屋西支社,愛知県名古屋市中川区富田町大字千音寺字狭間4629-1,35.1588635,136.8169657
春日井支社,愛知県春日井市坂下町1-1499-1,35.2820362,137.022867
一宮支社,愛知県一宮市富士4-7-10,35.3056922,136.8196272
知多支社,愛知県半田市花園町3-11-10,34.8725203,136.9118768
岐阜支社,岐阜県岐阜市柳森町2-17,35.4019346,136.7369817
多治見支社,岐阜県多治見市金岡町2-8,35.3452964,137.1156835
大垣支社,岐阜県大垣市直江町227-1,35.3474582,136.6499041
四日市支社,三重県四日市市昌栄町1-6,34.9600355,136.6264554
津支社,三重県津市高茶屋小森上野町1366,34.6783797,136.5188048
新潟支社,新潟県新潟市東区下木戸3-3-4,37.9298521,139.0912257
新潟西支社,新潟県新潟市南区大通南5-1071-1,37.8311895,139.019176
長岡支社,新潟県長岡市喜多町412-1,37.4522783,138.7997608
金沢支社,石川県金沢市千木町ヌ31-5,36.606246,136.6698632
石川支社,石川県金沢市千木町ル67-1,36.6073412,136.6696225
富山支社,富山県富山市上冨居1-32-6,36.70505530000001,137.2410471
福井支社,福井県福井市みのり1-8-22,36.0522894,136.2164251
びわこ支社,滋賀県草津市若竹町10-7,35.0207406,135.9690577
滋賀支社,滋賀県彦根市高宮町1456-8,35.2435901,136.2583978
京都北支社,京都府京都市伏見区竹田中川原町383,34.9579549,135.7599512
京都東支社,京都府京都市伏見区下鳥羽西芹川町23,34.943735,135.7468539
京都西支社,京都府京都市伏見区竹田東小屋ノ内町57,34.9518469,135.750022
京都南支社,京都府京都市伏見区竹田東小屋ノ内町57,34.9518469,135.750022
北大阪支社,大阪府高槻市大塚町5-19-1,34.8218952,135.6312827
京阪支社,大阪府寝屋川市豊里町1-12,34.7849304,135.6218413
枚方支社,大阪府枚方市招提元町4-3-1,34.838795,135.6909988
新大阪支社,大阪府吹田市吹東町62,34.767614,135.5386843
豊中支社,大阪府豊中市服部寿町3-17-5,34.7582513,135.4684923
吹田支社,大阪府吹田市吹東町62,34.767614,135.5386843
奈良支社,奈良県大和郡山市馬司町35-1,34.6163824,135.7808881
奈良南支社,奈良県大和郡山市馬司町35-1,34.6163824,135.7808881
東大阪支社,大阪府東大阪市角田1-7-40,34.6790223,135.6116476
八尾支社,大阪府八尾市太田4-14-1,34.5906116,135.5872255
南大阪支社,大阪府岸和田市土生町6-6-3,34.4455676,135.3865093
和歌山支社,和歌山県和歌山市湊御殿3-3-3,34.217403,135.1556729
りんくう支社,大阪府泉南市中小路2-1776-1,34.3762662,135.279445
大阪中央支社,大阪府大阪市西区川口4-9-28,34.680717,135.4742019
鶴見支社,大阪府大阪市鶴見区安田2丁目6-16,34.7039602,135.5930107
なにわ支社,大阪府堺市堺区海山町4-171-1,34.5916497,135.4716238
港支社,大阪府大阪市西区川口4-9-28,34.680717,135.4742019
堺支社,大阪府堺市堺区石津北町23-2 2F,34.5580259,135.4652691
泉北支社,大阪府堺市堺区石津北町23-2-2F,34.5580259,135.4652691
松原支社,大阪府松原市上田6-5-9,34.5731605,135.5611696
いずみ営業所,大阪府岸和田市八幡町8-54,34.4828343,135.3924053
阪神支社,大阪府豊中市二葉町2-6-30,34.7359483,135.4610633
尼崎支社,兵庫県尼崎市武庫町1-32-21,34.7536072,135.3855359
西宮支社,兵庫県尼崎市武庫町1-32-21,34.7536072,135.3855359
神戸東支社,兵庫県神戸市兵庫区切戸町1-13,34.6642887,135.1715045
神戸支社,兵庫県神戸市兵庫区芦原通1-2-16,34.6629998,135.1688171
神戸北支社,兵庫県神戸市北区藤原台北町7-9ミワボシプラザ4F,34.8336533,135.219601
明石支社,兵庫県神戸市西区伊川谷町有瀬字石塚988-1,34.6604856,135.014093
明石西支社,兵庫県神戸市西区伊川谷町有瀬字石塚988-1,34.6604856,135.014093
姫路支社,兵庫県姫路市北条永良町1310,34.8172415,134.6984468
岡山支社,岡山県岡山市北区下中野313-105,34.6424945,133.9094938
岡山東支社,岡山県岡山市東区中尾272-1,34.69966230000001,134.0242482
岡山北支社,岡山県津山市河辺716-3,35.0669869,134.0503686
倉敷支社,岡山県倉敷市連島町連島142-1,34.5573102,133.7474989
広島支社,広島県広島市南区東雲1-16-28,34.3836097,132.4927723
広島西支社,広島県広島市西区福島町1-17-10,34.3958878,132.4334751
広島南支社,広島県広島市西区福島町2-36-1,34.3900085,132.43013
広島北支社,広島県広島市佐伯区石内北2-1-6,34.4455798,132.3832332
東広島支社,広島県東広島市三永2-6-14,34.3876313,132.7610277
福山支社,広島県福山市神島町18-6,34.4873232,133.3392826
松江支社,島根県松江市乃木福富町392-7,35.4376819,133.0415369
鳥取支社,鳥取県鳥取市千代水3-36,35.5177408,134.2003242
高松支社,香川県高松市茜町2-18,34.3485946,134.0265169
香川西支社,香川県坂出市西大浜北3-1-10,34.3217143,133.8422863
松山支社,愛媛県松山市姫原3-4-30,33.8648388,132.7540296
愛媛支社,愛媛県新居浜市瀬戸町3-89,33.9436873,133.2972595
徳島支社,徳島県板野郡松茂町笹木野八北開拓1-170,34.136706,134.5861165
高知支社,高知県南国市三和琴平1-1743-31,33.54110259999999,133.6408889
山口支社,山口県山口市下小鯖897-3,34.1412267,131.5197709
山口東支社,山口県下松市生野屋南3-3-45,34.034779,131.890726
下関支社,山口県下関市伊倉東町5-5,34.0046349,130.9443697
北九州支社,福岡県北九州市八幡西区永犬丸南町2-3-6,33.83400719999999,130.7296484
北九州東支社,福岡県北九州市小倉北区神幸町5-20,33.8807699,130.9021109
北九州南支社,福岡県北九州市小倉北区神幸町5-20,33.8807699,130.9021109
福岡支社,福岡県福岡市博多区西月隈5-12-11,33.5651385,130.4573023
福岡北支社,福岡県福岡市東区社領3-10,33.6107825,130.4352383
福岡東支社,福岡県福岡市東区社領3-10,33.6107825,130.4352383
福岡中央支社,福岡県太宰府市通古賀3-12-10井上ビル302号室,33.5110062,130.5075322
福岡西支社,福岡県福岡市西区横浜1-43-1,33.5822184,130.2638198
福岡南支社,福岡県福岡市博多区西月隈5-12-11,33.5651385,130.4573023
博多支社,福岡県福岡市西区横浜1-43-1,33.5822184,130.2638198
大分支社,大分県大分市花園2-9-4,33.2105754,131.6099142
別府支社,大分県別府市石垣西10-2-28,33.3052632,131.4932013
久留米支社,福岡県久留米市大石町字瀬戸口214-1,33.317139,130.496002
佐賀支社,佐賀県佐賀市鍋島町八戸1239-1,33.2564393,130.2698762
長崎支社,長崎県西彼杵郡長与町高田郷字山下1269-3,32.819609,129.868262
佐世保支社,長崎県佐世保市広田3-21-1　,33.1228886,129.8006815
熊本支社,熊本県熊本市御領8-3-33,32.8303163,130.7706317
熊本北支社,熊本県熊本市北区飛田2-12-66,32.8570256,130.7114007
八代支社,熊本県八代市海士江町2688番地,32.5269001,130.6244711
宮崎支社,宮崎県宮崎市花ヶ島町立毛1077番1,31.953988,131.434897
鹿児島支社,鹿児島県鹿児島市城南町8-3,31.5842006,130.5628429
鹿児島東支社,鹿児島県霧島市隼人町内1320番地,31.760569,130.7386661
鹿児島南支社,鹿児島県鹿児島市宇宿2-13-26,31.5407697,130.5410286
沖縄支社,沖縄県沖縄市高原7-23-10リビングビル201号,26.3177673,127.8247098
那覇支社,沖縄県那覇市安謝617-190,26.239404,127.6944778
